vm-prd-appps-bog-02,172.25.97.201,255.255.252.0,172.25.96.1,10.181.4.4,ping,N/A,Exitoso
vm-prd-appps-bog-02,172.25.97.201,255.255.252.0,172.25.96.1,10.181.4.4,puerto,25,Cerrado
vm-prd-appps-bog-02,172.25.97.201,255.255.252.0,172.25.96.1,10.181.4.4,puerto,80,Cerrado
vm-prd-appps-bog-02,172.25.97.201,255.255.252.0,172.25.96.1,10.181.4.4,puerto,81,Cerrado
vm-prd-appps-bog-02,172.25.97.201,255.255.252.0,172.25.96.1,10.181.4.4,puerto,111,Cerrado
vm-prd-appps-bog-02,172.25.97.201,255.255.252.0,172.25.96.1,10.181.4.4,puerto,443,Cerrado
vm-prd-appps-bog-02,172.25.97.201,255.255.252.0,172.25.96.1,10.181.4.4,puerto,517,Cerrado
vm-prd-appps-bog-02,172.25.97.201,255.255.252.0,172.25.96.1,10.181.4.4,puerto,636,Cerrado
vm-prd-appps-bog-02,172.25.97.201,255.255.252.0,172.25.96.1,10.181.4.4,puerto,1521,Cerrado
vm-prd-appps-bog-02,172.25.97.201,255.255.252.0,172.25.96.1,10.181.4.4,puerto,2049,Cerrado
vm-prd-appps-bog-02,172.25.97.201,255.255.252.0,172.25.96.1,10.181.4.4,puerto,3306,Cerrado
vm-prd-appps-bog-02,172.25.97.201,255.255.252.0,172.25.96.1,10.181.4.4,puerto,3872,Cerrado
vm-prd-appps-bog-02,172.25.97.201,255.255.252.0,172.25.96.1,10.181.4.4,puerto,4001,Cerrado
vm-prd-appps-bog-02,172.25.97.201,255.255.252.0,172.25.96.1,10.181.4.4,puerto,4480,Cerrado
vm-prd-appps-bog-02,172.25.97.201,255.255.252.0,172.25.96.1,10.181.4.4,puerto,5044,Cerrado
vm-prd-appps-bog-02,172.25.97.201,255.255.252.0,172.25.96.1,10.181.4.4,puerto,5053,Cerrado
vm-prd-appps-bog-02,172.25.97.201,255.255.252.0,172.25.96.1,10.181.4.4,puerto,7800,Cerrado
vm-prd-appps-bog-02,172.25.97.201,255.255.252.0,172.25.96.1,10.181.4.4,puerto,9243,Cerrado
vm-prd-appps-bog-02,172.25.97.201,255.255.252.0,172.25.96.1,10.181.4.4,puerto,10051,Cerrado
vm-prd-appps-bog-02,172.25.97.201,255.255.252.0,172.25.96.1,10.181.4.4,puerto,14000,Abierto
vm-prd-appps-bog-02,172.25.97.201,255.255.252.0,172.25.96.1,10.181.4.4,puerto,30217,Cerrado
vm-prd-appps-bog-02,172.25.97.201,255.255.252.0,172.25.96.1,10.181.4.4,puerto,31013,Cerrado
vm-prd-appps-bog-02,172.25.97.201,255.255.252.0,172.25.96.1,10.181.4.4,puerto,31014,Cerrado
vm-prd-appps-bog-02,172.25.97.201,255.255.252.0,172.25.96.1,10.181.4.4,puerto,31023,Cerrado
vm-prd-appps-bog-02,172.25.97.201,255.255.252.0,172.25.96.1,10.181.4.4,puerto,31024,Cerrado
vm-prd-appps-bog-02,172.25.97.201,255.255.252.0,172.25.96.1,10.181.4.4,puerto,31030,Cerrado
vm-prd-appps-bog-02,172.25.97.201,255.255.252.0,172.25.96.1,10.181.4.4,puerto,31042,Cerrado
vm-prd-appps-bog-02,172.25.97.201,255.255.252.0,172.25.96.1,10.181.4.4,puerto,31055,Cerrado
vm-prd-appps-bog-02,172.25.97.201,255.255.252.0,172.25.96.1,10.181.4.4,puerto,31065,Cerrado
vm-prd-appps-bog-02,172.25.97.201,255.255.252.0,172.25.96.1,10.181.4.4,puerto,31070,Cerrado
vm-prd-appps-bog-02,172.25.97.201,255.255.252.0,172.25.96.1,10.181.4.4,puerto,31595,Cerrado
vm-prd-appps-bog-02,172.25.97.201,255.255.252.0,172.25.96.1,10.181.4.4,puerto,44445,Cerrado
vm-prd-appps-bog-02,172.25.97.201,255.255.252.0,172.25.96.1,10.181.4.4,puerto,44525,Cerrado
vm-prd-appps-bog-02,172.25.97.201,255.255.252.0,172.25.96.1,10.181.11.107,ping,N/A,Exitoso
vm-prd-appps-bog-02,172.25.97.201,255.255.252.0,172.25.96.1,10.181.11.107,puerto,25,Cerrado
vm-prd-appps-bog-02,172.25.97.201,255.255.252.0,172.25.96.1,10.181.11.107,puerto,80,Abierto
vm-prd-appps-bog-02,172.25.97.201,255.255.252.0,172.25.96.1,10.181.11.107,puerto,81,Cerrado
vm-prd-appps-bog-02,172.25.97.201,255.255.252.0,172.25.96.1,10.181.11.107,puerto,111,Cerrado
vm-prd-appps-bog-02,172.25.97.201,255.255.252.0,172.25.96.1,10.181.11.107,puerto,443,Cerrado
vm-prd-appps-bog-02,172.25.97.201,255.255.252.0,172.25.96.1,10.181.11.107,puerto,517,Cerrado
vm-prd-appps-bog-02,172.25.97.201,255.255.252.0,172.25.96.1,10.181.11.107,puerto,636,Cerrado
vm-prd-appps-bog-02,172.25.97.201,255.255.252.0,172.25.96.1,10.181.11.107,puerto,1521,Cerrado
vm-prd-appps-bog-02,172.25.97.201,255.255.252.0,172.25.96.1,10.181.11.107,puerto,2049,Cerrado
vm-prd-appps-bog-02,172.25.97.201,255.255.252.0,172.25.96.1,10.181.11.107,puerto,3306,Abierto
vm-prd-appps-bog-02,172.25.97.201,255.255.252.0,172.25.96.1,10.181.11.107,puerto,3872,Cerrado
vm-prd-appps-bog-02,172.25.97.201,255.255.252.0,172.25.96.1,10.181.11.107,puerto,4001,Cerrado
vm-prd-appps-bog-02,172.25.97.201,255.255.252.0,172.25.96.1,10.181.11.107,puerto,4480,Cerrado
vm-prd-appps-bog-02,172.25.97.201,255.255.252.0,172.25.96.1,10.181.11.107,puerto,5044,Cerrado
vm-prd-appps-bog-02,172.25.97.201,255.255.252.0,172.25.96.1,10.181.11.107,puerto,5053,Cerrado
vm-prd-appps-bog-02,172.25.97.201,255.255.252.0,172.25.96.1,10.181.11.107,puerto,7800,Cerrado
vm-prd-appps-bog-02,172.25.97.201,255.255.252.0,172.25.96.1,10.181.11.107,puerto,9243,Cerrado
vm-prd-appps-bog-02,172.25.97.201,255.255.252.0,172.25.96.1,10.181.11.107,puerto,10051,Cerrado
vm-prd-appps-bog-02,172.25.97.201,255.255.252.0,172.25.96.1,10.181.11.107,puerto,14000,Cerrado
vm-prd-appps-bog-02,172.25.97.201,255.255.252.0,172.25.96.1,10.181.11.107,puerto,30217,Cerrado
vm-prd-appps-bog-02,172.25.97.201,255.255.252.0,172.25.96.1,10.181.11.107,puerto,31013,Cerrado
vm-prd-appps-bog-02,172.25.97.201,255.255.252.0,172.25.96.1,10.181.11.107,puerto,31014,Cerrado
vm-prd-appps-bog-02,172.25.97.201,255.255.252.0,172.25.96.1,10.181.11.107,puerto,31023,Cerrado
vm-prd-appps-bog-02,172.25.97.201,255.255.252.0,172.25.96.1,10.181.11.107,puerto,31024,Cerrado
vm-prd-appps-bog-02,172.25.97.201,255.255.252.0,172.25.96.1,10.181.11.107,puerto,31030,Cerrado
vm-prd-appps-bog-02,172.25.97.201,255.255.252.0,172.25.96.1,10.181.11.107,puerto,31042,Cerrado
vm-prd-appps-bog-02,172.25.97.201,255.255.252.0,172.25.96.1,10.181.11.107,puerto,31055,Cerrado
vm-prd-appps-bog-02,172.25.97.201,255.255.252.0,172.25.96.1,10.181.11.107,puerto,31065,Cerrado
vm-prd-appps-bog-02,172.25.97.201,255.255.252.0,172.25.96.1,10.181.11.107,puerto,31070,Cerrado
vm-prd-appps-bog-02,172.25.97.201,255.255.252.0,172.25.96.1,10.181.11.107,puerto,31595,Cerrado
vm-prd-appps-bog-02,172.25.97.201,255.255.252.0,172.25.96.1,10.181.11.107,puerto,44445,Cerrado
vm-prd-appps-bog-02,172.25.97.201,255.255.252.0,172.25.96.1,10.181.11.107,puerto,44525,Cerrado
vm-prd-appps-bog-02,172.25.97.201,255.255.252.0,172.25.96.1,10.181.11.11,ping,N/A,Exitoso
vm-prd-appps-bog-02,172.25.97.201,255.255.252.0,172.25.96.1,10.181.11.11,puerto,25,Cerrado
vm-prd-appps-bog-02,172.25.97.201,255.255.252.0,172.25.96.1,10.181.11.11,puerto,80,Abierto
vm-prd-appps-bog-02,172.25.97.201,255.255.252.0,172.25.96.1,10.181.11.11,puerto,81,Cerrado
vm-prd-appps-bog-02,172.25.97.201,255.255.252.0,172.25.96.1,10.181.11.11,puerto,111,Cerrado
vm-prd-appps-bog-02,172.25.97.201,255.255.252.0,172.25.96.1,10.181.11.11,puerto,443,Abierto
vm-prd-appps-bog-02,172.25.97.201,255.255.252.0,172.25.96.1,10.181.11.11,puerto,517,Cerrado
vm-prd-appps-bog-02,172.25.97.201,255.255.252.0,172.25.96.1,10.181.11.11,puerto,636,Cerrado
vm-prd-appps-bog-02,172.25.97.201,255.255.252.0,172.25.96.1,10.181.11.11,puerto,1521,Cerrado
vm-prd-appps-bog-02,172.25.97.201,255.255.252.0,172.25.96.1,10.181.11.11,puerto,2049,Cerrado
vm-prd-appps-bog-02,172.25.97.201,255.255.252.0,172.25.96.1,10.181.11.11,puerto,3306,Abierto
vm-prd-appps-bog-02,172.25.97.201,255.255.252.0,172.25.96.1,10.181.11.11,puerto,3872,Cerrado
vm-prd-appps-bog-02,172.25.97.201,255.255.252.0,172.25.96.1,10.181.11.11,puerto,4001,Cerrado
vm-prd-appps-bog-02,172.25.97.201,255.255.252.0,172.25.96.1,10.181.11.11,puerto,4480,Cerrado
vm-prd-appps-bog-02,172.25.97.201,255.255.252.0,172.25.96.1,10.181.11.11,puerto,5044,Cerrado
vm-prd-appps-bog-02,172.25.97.201,255.255.252.0,172.25.96.1,10.181.11.11,puerto,5053,Cerrado
vm-prd-appps-bog-02,172.25.97.201,255.255.252.0,172.25.96.1,10.181.11.11,puerto,7800,Cerrado
vm-prd-appps-bog-02,172.25.97.201,255.255.252.0,172.25.96.1,10.181.11.11,puerto,9243,Cerrado
vm-prd-appps-bog-02,172.25.97.201,255.255.252.0,172.25.96.1,10.181.11.11,puerto,10051,Cerrado
vm-prd-appps-bog-02,172.25.97.201,255.255.252.0,172.25.96.1,10.181.11.11,puerto,14000,Cerrado
vm-prd-appps-bog-02,172.25.97.201,255.255.252.0,172.25.96.1,10.181.11.11,puerto,30217,Cerrado
vm-prd-appps-bog-02,172.25.97.201,255.255.252.0,172.25.96.1,10.181.11.11,puerto,31013,Cerrado
vm-prd-appps-bog-02,172.25.97.201,255.255.252.0,172.25.96.1,10.181.11.11,puerto,31014,Cerrado
vm-prd-appps-bog-02,172.25.97.201,255.255.252.0,172.25.96.1,10.181.11.11,puerto,31023,Cerrado
vm-prd-appps-bog-02,172.25.97.201,255.255.252.0,172.25.96.1,10.181.11.11,puerto,31024,Cerrado
vm-prd-appps-bog-02,172.25.97.201,255.255.252.0,172.25.96.1,10.181.11.11,puerto,31030,Cerrado
vm-prd-appps-bog-02,172.25.97.201,255.255.252.0,172.25.96.1,10.181.11.11,puerto,31042,Cerrado
vm-prd-appps-bog-02,172.25.97.201,255.255.252.0,172.25.96.1,10.181.11.11,puerto,31055,Cerrado
vm-prd-appps-bog-02,172.25.97.201,255.255.252.0,172.25.96.1,10.181.11.11,puerto,31065,Cerrado
vm-prd-appps-bog-02,172.25.97.201,255.255.252.0,172.25.96.1,10.181.11.11,puerto,31070,Cerrado
vm-prd-appps-bog-02,172.25.97.201,255.255.252.0,172.25.96.1,10.181.11.11,puerto,31595,Cerrado
vm-prd-appps-bog-02,172.25.97.201,255.255.252.0,172.25.96.1,10.181.11.11,puerto,44445,Cerrado
vm-prd-appps-bog-02,172.25.97.201,255.255.252.0,172.25.96.1,10.181.11.11,puerto,44525,Cerrado
vm-prd-appps-bog-02,172.25.97.201,255.255.252.0,172.25.96.1,10.181.11.11,ping,N/A,Exitoso
vm-prd-appps-bog-02,172.25.97.201,255.255.252.0,172.25.96.1,10.181.11.11,puerto,25,Cerrado
vm-prd-appps-bog-02,172.25.97.201,255.255.252.0,172.25.96.1,10.181.11.11,puerto,80,Abierto
vm-prd-appps-bog-02,172.25.97.201,255.255.252.0,172.25.96.1,10.181.11.11,puerto,81,Cerrado
vm-prd-appps-bog-02,172.25.97.201,255.255.252.0,172.25.96.1,10.181.11.11,puerto,111,Cerrado
vm-prd-appps-bog-02,172.25.97.201,255.255.252.0,172.25.96.1,10.181.11.11,puerto,443,Abierto
vm-prd-appps-bog-02,172.25.97.201,255.255.252.0,172.25.96.1,10.181.11.11,puerto,517,Cerrado
vm-prd-appps-bog-02,172.25.97.201,255.255.252.0,172.25.96.1,10.181.11.11,puerto,636,Cerrado
vm-prd-appps-bog-02,172.25.97.201,255.255.252.0,172.25.96.1,10.181.11.11,puerto,1521,Cerrado
vm-prd-appps-bog-02,172.25.97.201,255.255.252.0,172.25.96.1,10.181.11.11,puerto,2049,Cerrado
vm-prd-appps-bog-02,172.25.97.201,255.255.252.0,172.25.96.1,10.181.11.11,puerto,3306,Abierto
vm-prd-appps-bog-02,172.25.97.201,255.255.252.0,172.25.96.1,10.181.11.11,puerto,3872,Cerrado
vm-prd-appps-bog-02,172.25.97.201,255.255.252.0,172.25.96.1,10.181.11.11,puerto,4001,Cerrado
vm-prd-appps-bog-02,172.25.97.201,255.255.252.0,172.25.96.1,10.181.11.11,puerto,4480,Cerrado
vm-prd-appps-bog-02,172.25.97.201,255.255.252.0,172.25.96.1,10.181.11.11,puerto,5044,Cerrado
vm-prd-appps-bog-02,172.25.97.201,255.255.252.0,172.25.96.1,10.181.11.11,puerto,5053,Cerrado
vm-prd-appps-bog-02,172.25.97.201,255.255.252.0,172.25.96.1,10.181.11.11,puerto,7800,Cerrado
vm-prd-appps-bog-02,172.25.97.201,255.255.252.0,172.25.96.1,10.181.11.11,puerto,9243,Cerrado
vm-prd-appps-bog-02,172.25.97.201,255.255.252.0,172.25.96.1,10.181.11.11,puerto,10051,Cerrado
vm-prd-appps-bog-02,172.25.97.201,255.255.252.0,172.25.96.1,10.181.11.11,puerto,14000,Cerrado
vm-prd-appps-bog-02,172.25.97.201,255.255.252.0,172.25.96.1,10.181.11.11,puerto,30217,Cerrado
vm-prd-appps-bog-02,172.25.97.201,255.255.252.0,172.25.96.1,10.181.11.11,puerto,31013,Cerrado
vm-prd-appps-bog-02,172.25.97.201,255.255.252.0,172.25.96.1,10.181.11.11,puerto,31014,Cerrado
vm-prd-appps-bog-02,172.25.97.201,255.255.252.0,172.25.96.1,10.181.11.11,puerto,31023,Cerrado
vm-prd-appps-bog-02,172.25.97.201,255.255.252.0,172.25.96.1,10.181.11.11,puerto,31024,Cerrado
vm-prd-appps-bog-02,172.25.97.201,255.255.252.0,172.25.96.1,10.181.11.11,puerto,31030,Cerrado
vm-prd-appps-bog-02,172.25.97.201,255.255.252.0,172.25.96.1,10.181.11.11,puerto,31042,Cerrado
vm-prd-appps-bog-02,172.25.97.201,255.255.252.0,172.25.96.1,10.181.11.11,puerto,31055,Cerrado
vm-prd-appps-bog-02,172.25.97.201,255.255.252.0,172.25.96.1,10.181.11.11,puerto,31065,Cerrado
vm-prd-appps-bog-02,172.25.97.201,255.255.252.0,172.25.96.1,10.181.11.11,puerto,31070,Cerrado
vm-prd-appps-bog-02,172.25.97.201,255.255.252.0,172.25.96.1,10.181.11.11,puerto,31595,Cerrado
vm-prd-appps-bog-02,172.25.97.201,255.255.252.0,172.25.96.1,10.181.11.11,puerto,44445,Cerrado
vm-prd-appps-bog-02,172.25.97.201,255.255.252.0,172.25.96.1,10.181.11.11,puerto,44525,Cerrado
vm-prd-appps-bog-02,172.25.97.201,255.255.252.0,172.25.96.1,10.181.3.186,ping,N/A,Exitoso
vm-prd-appps-bog-02,172.25.97.201,255.255.252.0,172.25.96.1,10.181.3.186,puerto,25,Cerrado
vm-prd-appps-bog-02,172.25.97.201,255.255.252.0,172.25.96.1,10.181.3.186,puerto,80,Cerrado
vm-prd-appps-bog-02,172.25.97.201,255.255.252.0,172.25.96.1,10.181.3.186,puerto,81,Abierto
vm-prd-appps-bog-02,172.25.97.201,255.255.252.0,172.25.96.1,10.181.3.186,puerto,111,Cerrado
vm-prd-appps-bog-02,172.25.97.201,255.255.252.0,172.25.96.1,10.181.3.186,puerto,443,Cerrado
vm-prd-appps-bog-02,172.25.97.201,255.255.252.0,172.25.96.1,10.181.3.186,puerto,517,Cerrado
vm-prd-appps-bog-02,172.25.97.201,255.255.252.0,172.25.96.1,10.181.3.186,puerto,636,Cerrado
vm-prd-appps-bog-02,172.25.97.201,255.255.252.0,172.25.96.1,10.181.3.186,puerto,1521,Cerrado
vm-prd-appps-bog-02,172.25.97.201,255.255.252.0,172.25.96.1,10.181.3.186,puerto,2049,Cerrado
vm-prd-appps-bog-02,172.25.97.201,255.255.252.0,172.25.96.1,10.181.3.186,puerto,3306,Cerrado
vm-prd-appps-bog-02,172.25.97.201,255.255.252.0,172.25.96.1,10.181.3.186,puerto,3872,Cerrado
vm-prd-appps-bog-02,172.25.97.201,255.255.252.0,172.25.96.1,10.181.3.186,puerto,4001,Cerrado
vm-prd-appps-bog-02,172.25.97.201,255.255.252.0,172.25.96.1,10.181.3.186,puerto,4480,Cerrado
vm-prd-appps-bog-02,172.25.97.201,255.255.252.0,172.25.96.1,10.181.3.186,puerto,5044,Cerrado
vm-prd-appps-bog-02,172.25.97.201,255.255.252.0,172.25.96.1,10.181.3.186,puerto,5053,Cerrado
vm-prd-appps-bog-02,172.25.97.201,255.255.252.0,172.25.96.1,10.181.3.186,puerto,7800,Cerrado
vm-prd-appps-bog-02,172.25.97.201,255.255.252.0,172.25.96.1,10.181.3.186,puerto,9243,Cerrado
vm-prd-appps-bog-02,172.25.97.201,255.255.252.0,172.25.96.1,10.181.3.186,puerto,10051,Cerrado
vm-prd-appps-bog-02,172.25.97.201,255.255.252.0,172.25.96.1,10.181.3.186,puerto,14000,Cerrado
vm-prd-appps-bog-02,172.25.97.201,255.255.252.0,172.25.96.1,10.181.3.186,puerto,30217,Cerrado
vm-prd-appps-bog-02,172.25.97.201,255.255.252.0,172.25.96.1,10.181.3.186,puerto,31013,Cerrado
vm-prd-appps-bog-02,172.25.97.201,255.255.252.0,172.25.96.1,10.181.3.186,puerto,31014,Cerrado
vm-prd-appps-bog-02,172.25.97.201,255.255.252.0,172.25.96.1,10.181.3.186,puerto,31023,Cerrado
vm-prd-appps-bog-02,172.25.97.201,255.255.252.0,172.25.96.1,10.181.3.186,puerto,31024,Cerrado
vm-prd-appps-bog-02,172.25.97.201,255.255.252.0,172.25.96.1,10.181.3.186,puerto,31030,Cerrado
vm-prd-appps-bog-02,172.25.97.201,255.255.252.0,172.25.96.1,10.181.3.186,puerto,31042,Cerrado
vm-prd-appps-bog-02,172.25.97.201,255.255.252.0,172.25.96.1,10.181.3.186,puerto,31055,Cerrado
vm-prd-appps-bog-02,172.25.97.201,255.255.252.0,172.25.96.1,10.181.3.186,puerto,31065,Cerrado
vm-prd-appps-bog-02,172.25.97.201,255.255.252.0,172.25.96.1,10.181.3.186,puerto,31070,Cerrado
vm-prd-appps-bog-02,172.25.97.201,255.255.252.0,172.25.96.1,10.181.3.186,puerto,31595,Cerrado
vm-prd-appps-bog-02,172.25.97.201,255.255.252.0,172.25.96.1,10.181.3.186,puerto,44445,Cerrado
vm-prd-appps-bog-02,172.25.97.201,255.255.252.0,172.25.96.1,10.181.3.186,puerto,44525,Cerrado
vm-prd-appps-bog-02,172.25.97.201,255.255.252.0,172.25.96.1,10.181.11.107,ping,N/A,Exitoso
vm-prd-appps-bog-02,172.25.97.201,255.255.252.0,172.25.96.1,10.181.11.107,puerto,25,Cerrado
vm-prd-appps-bog-02,172.25.97.201,255.255.252.0,172.25.96.1,10.181.11.107,puerto,80,Abierto
vm-prd-appps-bog-02,172.25.97.201,255.255.252.0,172.25.96.1,10.181.11.107,puerto,81,Cerrado
vm-prd-appps-bog-02,172.25.97.201,255.255.252.0,172.25.96.1,10.181.11.107,puerto,111,Cerrado
vm-prd-appps-bog-02,172.25.97.201,255.255.252.0,172.25.96.1,10.181.11.107,puerto,443,Cerrado
vm-prd-appps-bog-02,172.25.97.201,255.255.252.0,172.25.96.1,10.181.11.107,puerto,517,Cerrado
vm-prd-appps-bog-02,172.25.97.201,255.255.252.0,172.25.96.1,10.181.11.107,puerto,636,Cerrado
vm-prd-appps-bog-02,172.25.97.201,255.255.252.0,172.25.96.1,10.181.11.107,puerto,1521,Cerrado
vm-prd-appps-bog-02,172.25.97.201,255.255.252.0,172.25.96.1,10.181.11.107,puerto,2049,Cerrado
vm-prd-appps-bog-02,172.25.97.201,255.255.252.0,172.25.96.1,10.181.11.107,puerto,3306,Abierto
vm-prd-appps-bog-02,172.25.97.201,255.255.252.0,172.25.96.1,10.181.11.107,puerto,3872,Cerrado
vm-prd-appps-bog-02,172.25.97.201,255.255.252.0,172.25.96.1,10.181.11.107,puerto,4001,Cerrado
vm-prd-appps-bog-02,172.25.97.201,255.255.252.0,172.25.96.1,10.181.11.107,puerto,4480,Cerrado
vm-prd-appps-bog-02,172.25.97.201,255.255.252.0,172.25.96.1,10.181.11.107,puerto,5044,Cerrado
vm-prd-appps-bog-02,172.25.97.201,255.255.252.0,172.25.96.1,10.181.11.107,puerto,5053,Cerrado
vm-prd-appps-bog-02,172.25.97.201,255.255.252.0,172.25.96.1,10.181.11.107,puerto,7800,Cerrado
vm-prd-appps-bog-02,172.25.97.201,255.255.252.0,172.25.96.1,10.181.11.107,puerto,9243,Cerrado
vm-prd-appps-bog-02,172.25.97.201,255.255.252.0,172.25.96.1,10.181.11.107,puerto,10051,Cerrado
vm-prd-appps-bog-02,172.25.97.201,255.255.252.0,172.25.96.1,10.181.11.107,puerto,14000,Cerrado
vm-prd-appps-bog-02,172.25.97.201,255.255.252.0,172.25.96.1,10.181.11.107,puerto,30217,Cerrado
vm-prd-appps-bog-02,172.25.97.201,255.255.252.0,172.25.96.1,10.181.11.107,puerto,31013,Cerrado
vm-prd-appps-bog-02,172.25.97.201,255.255.252.0,172.25.96.1,10.181.11.107,puerto,31014,Cerrado
vm-prd-appps-bog-02,172.25.97.201,255.255.252.0,172.25.96.1,10.181.11.107,puerto,31023,Cerrado
vm-prd-appps-bog-02,172.25.97.201,255.255.252.0,172.25.96.1,10.181.11.107,puerto,31024,Cerrado
vm-prd-appps-bog-02,172.25.97.201,255.255.252.0,172.25.96.1,10.181.11.107,puerto,31030,Cerrado
vm-prd-appps-bog-02,172.25.97.201,255.255.252.0,172.25.96.1,10.181.11.107,puerto,31042,Cerrado
vm-prd-appps-bog-02,172.25.97.201,255.255.252.0,172.25.96.1,10.181.11.107,puerto,31055,Cerrado
vm-prd-appps-bog-02,172.25.97.201,255.255.252.0,172.25.96.1,10.181.11.107,puerto,31065,Cerrado
vm-prd-appps-bog-02,172.25.97.201,255.255.252.0,172.25.96.1,10.181.11.107,puerto,31070,Cerrado
vm-prd-appps-bog-02,172.25.97.201,255.255.252.0,172.25.96.1,10.181.11.107,puerto,31595,Cerrado
vm-prd-appps-bog-02,172.25.97.201,255.255.252.0,172.25.96.1,10.181.11.107,puerto,44445,Cerrado
vm-prd-appps-bog-02,172.25.97.201,255.255.252.0,172.25.96.1,10.181.11.107,puerto,44525,Cerrado
vm-prd-appps-bog-02,172.25.97.201,255.255.252.0,172.25.96.1,10.181.4.241,ping,N/A,Exitoso
vm-prd-appps-bog-02,172.25.97.201,255.255.252.0,172.25.96.1,10.181.4.241,puerto,25,Cerrado
vm-prd-appps-bog-02,172.25.97.201,255.255.252.0,172.25.96.1,10.181.4.241,puerto,80,Abierto
vm-prd-appps-bog-02,172.25.97.201,255.255.252.0,172.25.96.1,10.181.4.241,puerto,81,Cerrado
vm-prd-appps-bog-02,172.25.97.201,255.255.252.0,172.25.96.1,10.181.4.241,puerto,111,Cerrado
vm-prd-appps-bog-02,172.25.97.201,255.255.252.0,172.25.96.1,10.181.4.241,puerto,443,Abierto
vm-prd-appps-bog-02,172.25.97.201,255.255.252.0,172.25.96.1,10.181.4.241,puerto,517,Cerrado
vm-prd-appps-bog-02,172.25.97.201,255.255.252.0,172.25.96.1,10.181.4.241,puerto,636,Cerrado
vm-prd-appps-bog-02,172.25.97.201,255.255.252.0,172.25.96.1,10.181.4.241,puerto,1521,Cerrado
vm-prd-appps-bog-02,172.25.97.201,255.255.252.0,172.25.96.1,10.181.4.241,puerto,2049,Cerrado
vm-prd-appps-bog-02,172.25.97.201,255.255.252.0,172.25.96.1,10.181.4.241,puerto,3306,Cerrado
vm-prd-appps-bog-02,172.25.97.201,255.255.252.0,172.25.96.1,10.181.4.241,puerto,3872,Cerrado
vm-prd-appps-bog-02,172.25.97.201,255.255.252.0,172.25.96.1,10.181.4.241,puerto,4001,Cerrado
vm-prd-appps-bog-02,172.25.97.201,255.255.252.0,172.25.96.1,10.181.4.241,puerto,4480,Cerrado
vm-prd-appps-bog-02,172.25.97.201,255.255.252.0,172.25.96.1,10.181.4.241,puerto,5044,Cerrado
vm-prd-appps-bog-02,172.25.97.201,255.255.252.0,172.25.96.1,10.181.4.241,puerto,5053,Cerrado
vm-prd-appps-bog-02,172.25.97.201,255.255.252.0,172.25.96.1,10.181.4.241,puerto,7800,Cerrado
vm-prd-appps-bog-02,172.25.97.201,255.255.252.0,172.25.96.1,10.181.4.241,puerto,9243,Cerrado
vm-prd-appps-bog-02,172.25.97.201,255.255.252.0,172.25.96.1,10.181.4.241,puerto,10051,Cerrado
vm-prd-appps-bog-02,172.25.97.201,255.255.252.0,172.25.96.1,10.181.4.241,puerto,14000,Cerrado
vm-prd-appps-bog-02,172.25.97.201,255.255.252.0,172.25.96.1,10.181.4.241,puerto,30217,Cerrado
vm-prd-appps-bog-02,172.25.97.201,255.255.252.0,172.25.96.1,10.181.4.241,puerto,31013,Cerrado
vm-prd-appps-bog-02,172.25.97.201,255.255.252.0,172.25.96.1,10.181.4.241,puerto,31014,Cerrado
vm-prd-appps-bog-02,172.25.97.201,255.255.252.0,172.25.96.1,10.181.4.241,puerto,31023,Cerrado
vm-prd-appps-bog-02,172.25.97.201,255.255.252.0,172.25.96.1,10.181.4.241,puerto,31024,Cerrado
vm-prd-appps-bog-02,172.25.97.201,255.255.252.0,172.25.96.1,10.181.4.241,puerto,31030,Cerrado
vm-prd-appps-bog-02,172.25.97.201,255.255.252.0,172.25.96.1,10.181.4.241,puerto,31042,Cerrado
vm-prd-appps-bog-02,172.25.97.201,255.255.252.0,172.25.96.1,10.181.4.241,puerto,31055,Cerrado
vm-prd-appps-bog-02,172.25.97.201,255.255.252.0,172.25.96.1,10.181.4.241,puerto,31065,Cerrado
vm-prd-appps-bog-02,172.25.97.201,255.255.252.0,172.25.96.1,10.181.4.241,puerto,31070,Cerrado
vm-prd-appps-bog-02,172.25.97.201,255.255.252.0,172.25.96.1,10.181.4.241,puerto,31595,Cerrado
vm-prd-appps-bog-02,172.25.97.201,255.255.252.0,172.25.96.1,10.181.4.241,puerto,44445,Cerrado
vm-prd-appps-bog-02,172.25.97.201,255.255.252.0,172.25.96.1,10.181.4.241,puerto,44525,Cerrado
vm-prd-appps-bog-02,172.25.97.201,255.255.252.0,172.25.96.1,10.181.11.127,ping,N/A,Exitoso
vm-prd-appps-bog-02,172.25.97.201,255.255.252.0,172.25.96.1,10.181.11.127,puerto,25,Cerrado
vm-prd-appps-bog-02,172.25.97.201,255.255.252.0,172.25.96.1,10.181.11.127,puerto,80,Cerrado
vm-prd-appps-bog-02,172.25.97.201,255.255.252.0,172.25.96.1,10.181.11.127,puerto,81,Cerrado
vm-prd-appps-bog-02,172.25.97.201,255.255.252.0,172.25.96.1,10.181.11.127,puerto,111,Cerrado
vm-prd-appps-bog-02,172.25.97.201,255.255.252.0,172.25.96.1,10.181.11.127,puerto,443,Cerrado
vm-prd-appps-bog-02,172.25.97.201,255.255.252.0,172.25.96.1,10.181.11.127,puerto,517,Cerrado
vm-prd-appps-bog-02,172.25.97.201,255.255.252.0,172.25.96.1,10.181.11.127,puerto,636,Cerrado
vm-prd-appps-bog-02,172.25.97.201,255.255.252.0,172.25.96.1,10.181.11.127,puerto,1521,Cerrado
vm-prd-appps-bog-02,172.25.97.201,255.255.252.0,172.25.96.1,10.181.11.127,puerto,2049,Cerrado
vm-prd-appps-bog-02,172.25.97.201,255.255.252.0,172.25.96.1,10.181.11.127,puerto,3306,Cerrado
vm-prd-appps-bog-02,172.25.97.201,255.255.252.0,172.25.96.1,10.181.11.127,puerto,3872,Cerrado
vm-prd-appps-bog-02,172.25.97.201,255.255.252.0,172.25.96.1,10.181.11.127,puerto,4001,Cerrado
vm-prd-appps-bog-02,172.25.97.201,255.255.252.0,172.25.96.1,10.181.11.127,puerto,4480,Cerrado
vm-prd-appps-bog-02,172.25.97.201,255.255.252.0,172.25.96.1,10.181.11.127,puerto,5044,Cerrado
vm-prd-appps-bog-02,172.25.97.201,255.255.252.0,172.25.96.1,10.181.11.127,puerto,5053,Cerrado
vm-prd-appps-bog-02,172.25.97.201,255.255.252.0,172.25.96.1,10.181.11.127,puerto,7800,Cerrado
vm-prd-appps-bog-02,172.25.97.201,255.255.252.0,172.25.96.1,10.181.11.127,puerto,9243,Cerrado
vm-prd-appps-bog-02,172.25.97.201,255.255.252.0,172.25.96.1,10.181.11.127,puerto,10051,Cerrado
vm-prd-appps-bog-02,172.25.97.201,255.255.252.0,172.25.96.1,10.181.11.127,puerto,14000,Cerrado
vm-prd-appps-bog-02,172.25.97.201,255.255.252.0,172.25.96.1,10.181.11.127,puerto,30217,Cerrado
vm-prd-appps-bog-02,172.25.97.201,255.255.252.0,172.25.96.1,10.181.11.127,puerto,31013,Cerrado
vm-prd-appps-bog-02,172.25.97.201,255.255.252.0,172.25.96.1,10.181.11.127,puerto,31014,Cerrado
vm-prd-appps-bog-02,172.25.97.201,255.255.252.0,172.25.96.1,10.181.11.127,puerto,31023,Cerrado
vm-prd-appps-bog-02,172.25.97.201,255.255.252.0,172.25.96.1,10.181.11.127,puerto,31024,Cerrado
vm-prd-appps-bog-02,172.25.97.201,255.255.252.0,172.25.96.1,10.181.11.127,puerto,31030,Cerrado
vm-prd-appps-bog-02,172.25.97.201,255.255.252.0,172.25.96.1,10.181.11.127,puerto,31042,Cerrado
vm-prd-appps-bog-02,172.25.97.201,255.255.252.0,172.25.96.1,10.181.11.127,puerto,31055,Cerrado
vm-prd-appps-bog-02,172.25.97.201,255.255.252.0,172.25.96.1,10.181.11.127,puerto,31065,Cerrado
vm-prd-appps-bog-02,172.25.97.201,255.255.252.0,172.25.96.1,10.181.11.127,puerto,31070,Cerrado
vm-prd-appps-bog-02,172.25.97.201,255.255.252.0,172.25.96.1,10.181.11.127,puerto,31595,Cerrado
vm-prd-appps-bog-02,172.25.97.201,255.255.252.0,172.25.96.1,10.181.11.127,puerto,44445,Cerrado
vm-prd-appps-bog-02,172.25.97.201,255.255.252.0,172.25.96.1,10.181.11.127,puerto,44525,Cerrado
vm-prd-appps-bog-02,172.25.97.201,255.255.252.0,172.25.96.1,10.181.11.116,ping,N/A,Exitoso
vm-prd-appps-bog-02,172.25.97.201,255.255.252.0,172.25.96.1,10.181.11.116,puerto,25,Cerrado
vm-prd-appps-bog-02,172.25.97.201,255.255.252.0,172.25.96.1,10.181.11.116,puerto,80,Cerrado
vm-prd-appps-bog-02,172.25.97.201,255.255.252.0,172.25.96.1,10.181.11.116,puerto,81,Cerrado
vm-prd-appps-bog-02,172.25.97.201,255.255.252.0,172.25.96.1,10.181.11.116,puerto,111,Abierto
vm-prd-appps-bog-02,172.25.97.201,255.255.252.0,172.25.96.1,10.181.11.116,puerto,443,Cerrado
vm-prd-appps-bog-02,172.25.97.201,255.255.252.0,172.25.96.1,10.181.11.116,puerto,517,Cerrado
vm-prd-appps-bog-02,172.25.97.201,255.255.252.0,172.25.96.1,10.181.11.116,puerto,636,Cerrado
vm-prd-appps-bog-02,172.25.97.201,255.255.252.0,172.25.96.1,10.181.11.116,puerto,1521,Abierto
vm-prd-appps-bog-02,172.25.97.201,255.255.252.0,172.25.96.1,10.181.11.116,puerto,2049,Cerrado
vm-prd-appps-bog-02,172.25.97.201,255.255.252.0,172.25.96.1,10.181.11.116,puerto,3306,Cerrado
vm-prd-appps-bog-02,172.25.97.201,255.255.252.0,172.25.96.1,10.181.11.116,puerto,3872,Abierto
vm-prd-appps-bog-02,172.25.97.201,255.255.252.0,172.25.96.1,10.181.11.116,puerto,4001,Cerrado
vm-prd-appps-bog-02,172.25.97.201,255.255.252.0,172.25.96.1,10.181.11.116,puerto,4480,Cerrado
vm-prd-appps-bog-02,172.25.97.201,255.255.252.0,172.25.96.1,10.181.11.116,puerto,5044,Cerrado
vm-prd-appps-bog-02,172.25.97.201,255.255.252.0,172.25.96.1,10.181.11.116,puerto,5053,Cerrado
vm-prd-appps-bog-02,172.25.97.201,255.255.252.0,172.25.96.1,10.181.11.116,puerto,7800,Cerrado
vm-prd-appps-bog-02,172.25.97.201,255.255.252.0,172.25.96.1,10.181.11.116,puerto,9243,Cerrado
vm-prd-appps-bog-02,172.25.97.201,255.255.252.0,172.25.96.1,10.181.11.116,puerto,10051,Cerrado
vm-prd-appps-bog-02,172.25.97.201,255.255.252.0,172.25.96.1,10.181.11.116,puerto,14000,Cerrado
vm-prd-appps-bog-02,172.25.97.201,255.255.252.0,172.25.96.1,10.181.11.116,puerto,30217,Cerrado
vm-prd-appps-bog-02,172.25.97.201,255.255.252.0,172.25.96.1,10.181.11.116,puerto,31013,Cerrado
vm-prd-appps-bog-02,172.25.97.201,255.255.252.0,172.25.96.1,10.181.11.116,puerto,31014,Cerrado
vm-prd-appps-bog-02,172.25.97.201,255.255.252.0,172.25.96.1,10.181.11.116,puerto,31023,Cerrado
vm-prd-appps-bog-02,172.25.97.201,255.255.252.0,172.25.96.1,10.181.11.116,puerto,31024,Cerrado
vm-prd-appps-bog-02,172.25.97.201,255.255.252.0,172.25.96.1,10.181.11.116,puerto,31030,Cerrado
vm-prd-appps-bog-02,172.25.97.201,255.255.252.0,172.25.96.1,10.181.11.116,puerto,31042,Cerrado
vm-prd-appps-bog-02,172.25.97.201,255.255.252.0,172.25.96.1,10.181.11.116,puerto,31055,Cerrado
vm-prd-appps-bog-02,172.25.97.201,255.255.252.0,172.25.96.1,10.181.11.116,puerto,31065,Cerrado
vm-prd-appps-bog-02,172.25.97.201,255.255.252.0,172.25.96.1,10.181.11.116,puerto,31070,Cerrado
vm-prd-appps-bog-02,172.25.97.201,255.255.252.0,172.25.96.1,10.181.11.116,puerto,31595,Cerrado
vm-prd-appps-bog-02,172.25.97.201,255.255.252.0,172.25.96.1,10.181.11.116,puerto,44445,Cerrado
vm-prd-appps-bog-02,172.25.97.201,255.255.252.0,172.25.96.1,10.181.11.116,puerto,44525,Cerrado
vm-prd-appps-bog-02,172.25.97.201,255.255.252.0,172.25.96.1,10.181.11.20,ping,N/A,Exitoso
vm-prd-appps-bog-02,172.25.97.201,255.255.252.0,172.25.96.1,10.181.11.20,puerto,25,Cerrado
vm-prd-appps-bog-02,172.25.97.201,255.255.252.0,172.25.96.1,10.181.11.20,puerto,80,Abierto
vm-prd-appps-bog-02,172.25.97.201,255.255.252.0,172.25.96.1,10.181.11.20,puerto,81,Cerrado
vm-prd-appps-bog-02,172.25.97.201,255.255.252.0,172.25.96.1,10.181.11.20,puerto,111,Abierto
vm-prd-appps-bog-02,172.25.97.201,255.255.252.0,172.25.96.1,10.181.11.20,puerto,443,Abierto
vm-prd-appps-bog-02,172.25.97.201,255.255.252.0,172.25.96.1,10.181.11.20,puerto,517,Cerrado
vm-prd-appps-bog-02,172.25.97.201,255.255.252.0,172.25.96.1,10.181.11.20,puerto,636,Cerrado
vm-prd-appps-bog-02,172.25.97.201,255.255.252.0,172.25.96.1,10.181.11.20,puerto,1521,Cerrado
vm-prd-appps-bog-02,172.25.97.201,255.255.252.0,172.25.96.1,10.181.11.20,puerto,2049,Cerrado
vm-prd-appps-bog-02,172.25.97.201,255.255.252.0,172.25.96.1,10.181.11.20,puerto,3306,Abierto
vm-prd-appps-bog-02,172.25.97.201,255.255.252.0,172.25.96.1,10.181.11.20,puerto,3872,Cerrado
vm-prd-appps-bog-02,172.25.97.201,255.255.252.0,172.25.96.1,10.181.11.20,puerto,4001,Cerrado
vm-prd-appps-bog-02,172.25.97.201,255.255.252.0,172.25.96.1,10.181.11.20,puerto,4480,Cerrado
vm-prd-appps-bog-02,172.25.97.201,255.255.252.0,172.25.96.1,10.181.11.20,puerto,5044,Cerrado
vm-prd-appps-bog-02,172.25.97.201,255.255.252.0,172.25.96.1,10.181.11.20,puerto,5053,Cerrado
vm-prd-appps-bog-02,172.25.97.201,255.255.252.0,172.25.96.1,10.181.11.20,puerto,7800,Cerrado
vm-prd-appps-bog-02,172.25.97.201,255.255.252.0,172.25.96.1,10.181.11.20,puerto,9243,Cerrado
vm-prd-appps-bog-02,172.25.97.201,255.255.252.0,172.25.96.1,10.181.11.20,puerto,10051,Cerrado
vm-prd-appps-bog-02,172.25.97.201,255.255.252.0,172.25.96.1,10.181.11.20,puerto,14000,Cerrado
vm-prd-appps-bog-02,172.25.97.201,255.255.252.0,172.25.96.1,10.181.11.20,puerto,30217,Cerrado
vm-prd-appps-bog-02,172.25.97.201,255.255.252.0,172.25.96.1,10.181.11.20,puerto,31013,Cerrado
vm-prd-appps-bog-02,172.25.97.201,255.255.252.0,172.25.96.1,10.181.11.20,puerto,31014,Cerrado
vm-prd-appps-bog-02,172.25.97.201,255.255.252.0,172.25.96.1,10.181.11.20,puerto,31023,Cerrado
vm-prd-appps-bog-02,172.25.97.201,255.255.252.0,172.25.96.1,10.181.11.20,puerto,31024,Cerrado
vm-prd-appps-bog-02,172.25.97.201,255.255.252.0,172.25.96.1,10.181.11.20,puerto,31030,Cerrado
vm-prd-appps-bog-02,172.25.97.201,255.255.252.0,172.25.96.1,10.181.11.20,puerto,31042,Cerrado
vm-prd-appps-bog-02,172.25.97.201,255.255.252.0,172.25.96.1,10.181.11.20,puerto,31055,Cerrado
vm-prd-appps-bog-02,172.25.97.201,255.255.252.0,172.25.96.1,10.181.11.20,puerto,31065,Cerrado
vm-prd-appps-bog-02,172.25.97.201,255.255.252.0,172.25.96.1,10.181.11.20,puerto,31070,Cerrado
vm-prd-appps-bog-02,172.25.97.201,255.255.252.0,172.25.96.1,10.181.11.20,puerto,31595,Cerrado
vm-prd-appps-bog-02,172.25.97.201,255.255.252.0,172.25.96.1,10.181.11.20,puerto,44445,Cerrado
vm-prd-appps-bog-02,172.25.97.201,255.255.252.0,172.25.96.1,10.181.11.20,puerto,44525,Cerrado
vm-prd-appps-bog-02,172.25.97.201,255.255.252.0,172.25.96.1,10.181.11.17,ping,N/A,Exitoso
vm-prd-appps-bog-02,172.25.97.201,255.255.252.0,172.25.96.1,10.181.11.17,puerto,25,Cerrado
vm-prd-appps-bog-02,172.25.97.201,255.255.252.0,172.25.96.1,10.181.11.17,puerto,80,Cerrado
vm-prd-appps-bog-02,172.25.97.201,255.255.252.0,172.25.96.1,10.181.11.17,puerto,81,Cerrado
vm-prd-appps-bog-02,172.25.97.201,255.255.252.0,172.25.96.1,10.181.11.17,puerto,111,Cerrado
vm-prd-appps-bog-02,172.25.97.201,255.255.252.0,172.25.96.1,10.181.11.17,puerto,443,Cerrado
vm-prd-appps-bog-02,172.25.97.201,255.255.252.0,172.25.96.1,10.181.11.17,puerto,517,Cerrado
vm-prd-appps-bog-02,172.25.97.201,255.255.252.0,172.25.96.1,10.181.11.17,puerto,636,Cerrado
vm-prd-appps-bog-02,172.25.97.201,255.255.252.0,172.25.96.1,10.181.11.17,puerto,1521,Abierto
vm-prd-appps-bog-02,172.25.97.201,255.255.252.0,172.25.96.1,10.181.11.17,puerto,2049,Cerrado
vm-prd-appps-bog-02,172.25.97.201,255.255.252.0,172.25.96.1,10.181.11.17,puerto,3306,Cerrado
vm-prd-appps-bog-02,172.25.97.201,255.255.252.0,172.25.96.1,10.181.11.17,puerto,3872,Cerrado
vm-prd-appps-bog-02,172.25.97.201,255.255.252.0,172.25.96.1,10.181.11.17,puerto,4001,Cerrado
vm-prd-appps-bog-02,172.25.97.201,255.255.252.0,172.25.96.1,10.181.11.17,puerto,4480,Cerrado
vm-prd-appps-bog-02,172.25.97.201,255.255.252.0,172.25.96.1,10.181.11.17,puerto,5044,Cerrado
vm-prd-appps-bog-02,172.25.97.201,255.255.252.0,172.25.96.1,10.181.11.17,puerto,5053,Cerrado
vm-prd-appps-bog-02,172.25.97.201,255.255.252.0,172.25.96.1,10.181.11.17,puerto,7800,Cerrado
vm-prd-appps-bog-02,172.25.97.201,255.255.252.0,172.25.96.1,10.181.11.17,puerto,9243,Cerrado
vm-prd-appps-bog-02,172.25.97.201,255.255.252.0,172.25.96.1,10.181.11.17,puerto,10051,Cerrado
vm-prd-appps-bog-02,172.25.97.201,255.255.252.0,172.25.96.1,10.181.11.17,puerto,14000,Cerrado
vm-prd-appps-bog-02,172.25.97.201,255.255.252.0,172.25.96.1,10.181.11.17,puerto,30217,Cerrado
vm-prd-appps-bog-02,172.25.97.201,255.255.252.0,172.25.96.1,10.181.11.17,puerto,31013,Cerrado
vm-prd-appps-bog-02,172.25.97.201,255.255.252.0,172.25.96.1,10.181.11.17,puerto,31014,Cerrado
vm-prd-appps-bog-02,172.25.97.201,255.255.252.0,172.25.96.1,10.181.11.17,puerto,31023,Cerrado
vm-prd-appps-bog-02,172.25.97.201,255.255.252.0,172.25.96.1,10.181.11.17,puerto,31024,Cerrado
vm-prd-appps-bog-02,172.25.97.201,255.255.252.0,172.25.96.1,10.181.11.17,puerto,31030,Cerrado
vm-prd-appps-bog-02,172.25.97.201,255.255.252.0,172.25.96.1,10.181.11.17,puerto,31042,Cerrado
vm-prd-appps-bog-02,172.25.97.201,255.255.252.0,172.25.96.1,10.181.11.17,puerto,31055,Cerrado
vm-prd-appps-bog-02,172.25.97.201,255.255.252.0,172.25.96.1,10.181.11.17,puerto,31065,Cerrado
vm-prd-appps-bog-02,172.25.97.201,255.255.252.0,172.25.96.1,10.181.11.17,puerto,31070,Cerrado
vm-prd-appps-bog-02,172.25.97.201,255.255.252.0,172.25.96.1,10.181.11.17,puerto,31595,Cerrado
vm-prd-appps-bog-02,172.25.97.201,255.255.252.0,172.25.96.1,10.181.11.17,puerto,44445,Cerrado
vm-prd-appps-bog-02,172.25.97.201,255.255.252.0,172.25.96.1,10.181.11.17,puerto,44525,Cerrado
vm-prd-appps-bog-02,172.25.97.201,255.255.252.0,172.25.96.1,10.181.11.156,ping,N/A,Exitoso
vm-prd-appps-bog-02,172.25.97.201,255.255.252.0,172.25.96.1,10.181.11.156,puerto,25,Cerrado
vm-prd-appps-bog-02,172.25.97.201,255.255.252.0,172.25.96.1,10.181.11.156,puerto,80,Cerrado
vm-prd-appps-bog-02,172.25.97.201,255.255.252.0,172.25.96.1,10.181.11.156,puerto,81,Cerrado
vm-prd-appps-bog-02,172.25.97.201,255.255.252.0,172.25.96.1,10.181.11.156,puerto,111,Cerrado
vm-prd-appps-bog-02,172.25.97.201,255.255.252.0,172.25.96.1,10.181.11.156,puerto,443,Cerrado
vm-prd-appps-bog-02,172.25.97.201,255.255.252.0,172.25.96.1,10.181.11.156,puerto,517,Cerrado
vm-prd-appps-bog-02,172.25.97.201,255.255.252.0,172.25.96.1,10.181.11.156,puerto,636,Cerrado
vm-prd-appps-bog-02,172.25.97.201,255.255.252.0,172.25.96.1,10.181.11.156,puerto,1521,Cerrado
vm-prd-appps-bog-02,172.25.97.201,255.255.252.0,172.25.96.1,10.181.11.156,puerto,2049,Cerrado
vm-prd-appps-bog-02,172.25.97.201,255.255.252.0,172.25.96.1,10.181.11.156,puerto,3306,Abierto
vm-prd-appps-bog-02,172.25.97.201,255.255.252.0,172.25.96.1,10.181.11.156,puerto,3872,Cerrado
vm-prd-appps-bog-02,172.25.97.201,255.255.252.0,172.25.96.1,10.181.11.156,puerto,4001,Cerrado
vm-prd-appps-bog-02,172.25.97.201,255.255.252.0,172.25.96.1,10.181.11.156,puerto,4480,Cerrado
vm-prd-appps-bog-02,172.25.97.201,255.255.252.0,172.25.96.1,10.181.11.156,puerto,5044,Cerrado
vm-prd-appps-bog-02,172.25.97.201,255.255.252.0,172.25.96.1,10.181.11.156,puerto,5053,Cerrado
vm-prd-appps-bog-02,172.25.97.201,255.255.252.0,172.25.96.1,10.181.11.156,puerto,7800,Cerrado
vm-prd-appps-bog-02,172.25.97.201,255.255.252.0,172.25.96.1,10.181.11.156,puerto,9243,Cerrado
vm-prd-appps-bog-02,172.25.97.201,255.255.252.0,172.25.96.1,10.181.11.156,puerto,10051,Cerrado
vm-prd-appps-bog-02,172.25.97.201,255.255.252.0,172.25.96.1,10.181.11.156,puerto,14000,Cerrado
vm-prd-appps-bog-02,172.25.97.201,255.255.252.0,172.25.96.1,10.181.11.156,puerto,30217,Cerrado
vm-prd-appps-bog-02,172.25.97.201,255.255.252.0,172.25.96.1,10.181.11.156,puerto,31013,Cerrado
vm-prd-appps-bog-02,172.25.97.201,255.255.252.0,172.25.96.1,10.181.11.156,puerto,31014,Cerrado
vm-prd-appps-bog-02,172.25.97.201,255.255.252.0,172.25.96.1,10.181.11.156,puerto,31023,Cerrado
vm-prd-appps-bog-02,172.25.97.201,255.255.252.0,172.25.96.1,10.181.11.156,puerto,31024,Cerrado
vm-prd-appps-bog-02,172.25.97.201,255.255.252.0,172.25.96.1,10.181.11.156,puerto,31030,Cerrado
vm-prd-appps-bog-02,172.25.97.201,255.255.252.0,172.25.96.1,10.181.11.156,puerto,31042,Cerrado
vm-prd-appps-bog-02,172.25.97.201,255.255.252.0,172.25.96.1,10.181.11.156,puerto,31055,Cerrado
vm-prd-appps-bog-02,172.25.97.201,255.255.252.0,172.25.96.1,10.181.11.156,puerto,31065,Cerrado
vm-prd-appps-bog-02,172.25.97.201,255.255.252.0,172.25.96.1,10.181.11.156,puerto,31070,Cerrado
vm-prd-appps-bog-02,172.25.97.201,255.255.252.0,172.25.96.1,10.181.11.156,puerto,31595,Cerrado
vm-prd-appps-bog-02,172.25.97.201,255.255.252.0,172.25.96.1,10.181.11.156,puerto,44445,Cerrado
vm-prd-appps-bog-02,172.25.97.201,255.255.252.0,172.25.96.1,10.181.11.156,puerto,44525,Cerrado
vm-prd-appps-bog-02,172.25.97.201,255.255.252.0,172.25.96.1,10.181.11.156,ping,N/A,Exitoso
vm-prd-appps-bog-02,172.25.97.201,255.255.252.0,172.25.96.1,10.181.11.156,puerto,25,Cerrado
vm-prd-appps-bog-02,172.25.97.201,255.255.252.0,172.25.96.1,10.181.11.156,puerto,80,Cerrado
vm-prd-appps-bog-02,172.25.97.201,255.255.252.0,172.25.96.1,10.181.11.156,puerto,81,Cerrado
vm-prd-appps-bog-02,172.25.97.201,255.255.252.0,172.25.96.1,10.181.11.156,puerto,111,Cerrado
vm-prd-appps-bog-02,172.25.97.201,255.255.252.0,172.25.96.1,10.181.11.156,puerto,443,Cerrado
vm-prd-appps-bog-02,172.25.97.201,255.255.252.0,172.25.96.1,10.181.11.156,puerto,517,Cerrado
vm-prd-appps-bog-02,172.25.97.201,255.255.252.0,172.25.96.1,10.181.11.156,puerto,636,Cerrado
vm-prd-appps-bog-02,172.25.97.201,255.255.252.0,172.25.96.1,10.181.11.156,puerto,1521,Cerrado
vm-prd-appps-bog-02,172.25.97.201,255.255.252.0,172.25.96.1,10.181.11.156,puerto,2049,Cerrado
vm-prd-appps-bog-02,172.25.97.201,255.255.252.0,172.25.96.1,10.181.11.156,puerto,3306,Abierto
vm-prd-appps-bog-02,172.25.97.201,255.255.252.0,172.25.96.1,10.181.11.156,puerto,3872,Cerrado
vm-prd-appps-bog-02,172.25.97.201,255.255.252.0,172.25.96.1,10.181.11.156,puerto,4001,Cerrado
vm-prd-appps-bog-02,172.25.97.201,255.255.252.0,172.25.96.1,10.181.11.156,puerto,4480,Cerrado
vm-prd-appps-bog-02,172.25.97.201,255.255.252.0,172.25.96.1,10.181.11.156,puerto,5044,Cerrado
vm-prd-appps-bog-02,172.25.97.201,255.255.252.0,172.25.96.1,10.181.11.156,puerto,5053,Cerrado
vm-prd-appps-bog-02,172.25.97.201,255.255.252.0,172.25.96.1,10.181.11.156,puerto,7800,Cerrado
vm-prd-appps-bog-02,172.25.97.201,255.255.252.0,172.25.96.1,10.181.11.156,puerto,9243,Cerrado
vm-prd-appps-bog-02,172.25.97.201,255.255.252.0,172.25.96.1,10.181.11.156,puerto,10051,Cerrado
vm-prd-appps-bog-02,172.25.97.201,255.255.252.0,172.25.96.1,10.181.11.156,puerto,14000,Cerrado
vm-prd-appps-bog-02,172.25.97.201,255.255.252.0,172.25.96.1,10.181.11.156,puerto,30217,Cerrado
vm-prd-appps-bog-02,172.25.97.201,255.255.252.0,172.25.96.1,10.181.11.156,puerto,31013,Cerrado
vm-prd-appps-bog-02,172.25.97.201,255.255.252.0,172.25.96.1,10.181.11.156,puerto,31014,Cerrado
vm-prd-appps-bog-02,172.25.97.201,255.255.252.0,172.25.96.1,10.181.11.156,puerto,31023,Cerrado
vm-prd-appps-bog-02,172.25.97.201,255.255.252.0,172.25.96.1,10.181.11.156,puerto,31024,Cerrado
vm-prd-appps-bog-02,172.25.97.201,255.255.252.0,172.25.96.1,10.181.11.156,puerto,31030,Cerrado
vm-prd-appps-bog-02,172.25.97.201,255.255.252.0,172.25.96.1,10.181.11.156,puerto,31042,Cerrado
vm-prd-appps-bog-02,172.25.97.201,255.255.252.0,172.25.96.1,10.181.11.156,puerto,31055,Cerrado
vm-prd-appps-bog-02,172.25.97.201,255.255.252.0,172.25.96.1,10.181.11.156,puerto,31065,Cerrado
vm-prd-appps-bog-02,172.25.97.201,255.255.252.0,172.25.96.1,10.181.11.156,puerto,31070,Cerrado
vm-prd-appps-bog-02,172.25.97.201,255.255.252.0,172.25.96.1,10.181.11.156,puerto,31595,Cerrado
vm-prd-appps-bog-02,172.25.97.201,255.255.252.0,172.25.96.1,10.181.11.156,puerto,44445,Cerrado
vm-prd-appps-bog-02,172.25.97.201,255.255.252.0,172.25.96.1,10.181.11.156,puerto,44525,Cerrado
vm-prd-appps-bog-02,172.25.97.201,255.255.252.0,172.25.96.1,10.181.11.155,ping,N/A,Exitoso
vm-prd-appps-bog-02,172.25.97.201,255.255.252.0,172.25.96.1,10.181.11.155,puerto,25,Cerrado
vm-prd-appps-bog-02,172.25.97.201,255.255.252.0,172.25.96.1,10.181.11.155,puerto,80,Cerrado
vm-prd-appps-bog-02,172.25.97.201,255.255.252.0,172.25.96.1,10.181.11.155,puerto,81,Cerrado
vm-prd-appps-bog-02,172.25.97.201,255.255.252.0,172.25.96.1,10.181.11.155,puerto,111,Cerrado
vm-prd-appps-bog-02,172.25.97.201,255.255.252.0,172.25.96.1,10.181.11.155,puerto,443,Cerrado
vm-prd-appps-bog-02,172.25.97.201,255.255.252.0,172.25.96.1,10.181.11.155,puerto,517,Cerrado
vm-prd-appps-bog-02,172.25.97.201,255.255.252.0,172.25.96.1,10.181.11.155,puerto,636,Cerrado
vm-prd-appps-bog-02,172.25.97.201,255.255.252.0,172.25.96.1,10.181.11.155,puerto,1521,Cerrado
vm-prd-appps-bog-02,172.25.97.201,255.255.252.0,172.25.96.1,10.181.11.155,puerto,2049,Cerrado
vm-prd-appps-bog-02,172.25.97.201,255.255.252.0,172.25.96.1,10.181.11.155,puerto,3306,Abierto
vm-prd-appps-bog-02,172.25.97.201,255.255.252.0,172.25.96.1,10.181.11.155,puerto,3872,Cerrado
vm-prd-appps-bog-02,172.25.97.201,255.255.252.0,172.25.96.1,10.181.11.155,puerto,4001,Cerrado
vm-prd-appps-bog-02,172.25.97.201,255.255.252.0,172.25.96.1,10.181.11.155,puerto,4480,Cerrado
vm-prd-appps-bog-02,172.25.97.201,255.255.252.0,172.25.96.1,10.181.11.155,puerto,5044,Cerrado
vm-prd-appps-bog-02,172.25.97.201,255.255.252.0,172.25.96.1,10.181.11.155,puerto,5053,Cerrado
vm-prd-appps-bog-02,172.25.97.201,255.255.252.0,172.25.96.1,10.181.11.155,puerto,7800,Cerrado
vm-prd-appps-bog-02,172.25.97.201,255.255.252.0,172.25.96.1,10.181.11.155,puerto,9243,Cerrado
vm-prd-appps-bog-02,172.25.97.201,255.255.252.0,172.25.96.1,10.181.11.155,puerto,10051,Cerrado
vm-prd-appps-bog-02,172.25.97.201,255.255.252.0,172.25.96.1,10.181.11.155,puerto,14000,Cerrado
vm-prd-appps-bog-02,172.25.97.201,255.255.252.0,172.25.96.1,10.181.11.155,puerto,30217,Cerrado
vm-prd-appps-bog-02,172.25.97.201,255.255.252.0,172.25.96.1,10.181.11.155,puerto,31013,Cerrado
vm-prd-appps-bog-02,172.25.97.201,255.255.252.0,172.25.96.1,10.181.11.155,puerto,31014,Cerrado
vm-prd-appps-bog-02,172.25.97.201,255.255.252.0,172.25.96.1,10.181.11.155,puerto,31023,Cerrado
vm-prd-appps-bog-02,172.25.97.201,255.255.252.0,172.25.96.1,10.181.11.155,puerto,31024,Cerrado
vm-prd-appps-bog-02,172.25.97.201,255.255.252.0,172.25.96.1,10.181.11.155,puerto,31030,Cerrado
vm-prd-appps-bog-02,172.25.97.201,255.255.252.0,172.25.96.1,10.181.11.155,puerto,31042,Cerrado
vm-prd-appps-bog-02,172.25.97.201,255.255.252.0,172.25.96.1,10.181.11.155,puerto,31055,Cerrado
vm-prd-appps-bog-02,172.25.97.201,255.255.252.0,172.25.96.1,10.181.11.155,puerto,31065,Cerrado
vm-prd-appps-bog-02,172.25.97.201,255.255.252.0,172.25.96.1,10.181.11.155,puerto,31070,Cerrado
vm-prd-appps-bog-02,172.25.97.201,255.255.252.0,172.25.96.1,10.181.11.155,puerto,31595,Cerrado
vm-prd-appps-bog-02,172.25.97.201,255.255.252.0,172.25.96.1,10.181.11.155,puerto,44445,Cerrado
vm-prd-appps-bog-02,172.25.97.201,255.255.252.0,172.25.96.1,10.181.11.155,puerto,44525,Cerrado
vm-prd-appps-bog-02,172.25.97.201,255.255.252.0,172.25.96.1,10.181.11.114,ping,N/A,Exitoso
vm-prd-appps-bog-02,172.25.97.201,255.255.252.0,172.25.96.1,10.181.11.114,puerto,25,Cerrado
vm-prd-appps-bog-02,172.25.97.201,255.255.252.0,172.25.96.1,10.181.11.114,puerto,80,Cerrado
vm-prd-appps-bog-02,172.25.97.201,255.255.252.0,172.25.96.1,10.181.11.114,puerto,81,Cerrado
vm-prd-appps-bog-02,172.25.97.201,255.255.252.0,172.25.96.1,10.181.11.114,puerto,111,Abierto
vm-prd-appps-bog-02,172.25.97.201,255.255.252.0,172.25.96.1,10.181.11.114,puerto,443,Cerrado
vm-prd-appps-bog-02,172.25.97.201,255.255.252.0,172.25.96.1,10.181.11.114,puerto,517,Cerrado
vm-prd-appps-bog-02,172.25.97.201,255.255.252.0,172.25.96.1,10.181.11.114,puerto,636,Cerrado
vm-prd-appps-bog-02,172.25.97.201,255.255.252.0,172.25.96.1,10.181.11.114,puerto,1521,Abierto
vm-prd-appps-bog-02,172.25.97.201,255.255.252.0,172.25.96.1,10.181.11.114,puerto,2049,Cerrado
vm-prd-appps-bog-02,172.25.97.201,255.255.252.0,172.25.96.1,10.181.11.114,puerto,3306,Cerrado
vm-prd-appps-bog-02,172.25.97.201,255.255.252.0,172.25.96.1,10.181.11.114,puerto,3872,Cerrado
vm-prd-appps-bog-02,172.25.97.201,255.255.252.0,172.25.96.1,10.181.11.114,puerto,4001,Cerrado
vm-prd-appps-bog-02,172.25.97.201,255.255.252.0,172.25.96.1,10.181.11.114,puerto,4480,Cerrado
vm-prd-appps-bog-02,172.25.97.201,255.255.252.0,172.25.96.1,10.181.11.114,puerto,5044,Cerrado
vm-prd-appps-bog-02,172.25.97.201,255.255.252.0,172.25.96.1,10.181.11.114,puerto,5053,Cerrado
vm-prd-appps-bog-02,172.25.97.201,255.255.252.0,172.25.96.1,10.181.11.114,puerto,7800,Cerrado
vm-prd-appps-bog-02,172.25.97.201,255.255.252.0,172.25.96.1,10.181.11.114,puerto,9243,Cerrado
vm-prd-appps-bog-02,172.25.97.201,255.255.252.0,172.25.96.1,10.181.11.114,puerto,10051,Cerrado
vm-prd-appps-bog-02,172.25.97.201,255.255.252.0,172.25.96.1,10.181.11.114,puerto,14000,Cerrado
vm-prd-appps-bog-02,172.25.97.201,255.255.252.0,172.25.96.1,10.181.11.114,puerto,30217,Cerrado
vm-prd-appps-bog-02,172.25.97.201,255.255.252.0,172.25.96.1,10.181.11.114,puerto,31013,Cerrado
vm-prd-appps-bog-02,172.25.97.201,255.255.252.0,172.25.96.1,10.181.11.114,puerto,31014,Cerrado
vm-prd-appps-bog-02,172.25.97.201,255.255.252.0,172.25.96.1,10.181.11.114,puerto,31023,Cerrado
vm-prd-appps-bog-02,172.25.97.201,255.255.252.0,172.25.96.1,10.181.11.114,puerto,31024,Cerrado
vm-prd-appps-bog-02,172.25.97.201,255.255.252.0,172.25.96.1,10.181.11.114,puerto,31030,Cerrado
vm-prd-appps-bog-02,172.25.97.201,255.255.252.0,172.25.96.1,10.181.11.114,puerto,31042,Cerrado
vm-prd-appps-bog-02,172.25.97.201,255.255.252.0,172.25.96.1,10.181.11.114,puerto,31055,Cerrado
vm-prd-appps-bog-02,172.25.97.201,255.255.252.0,172.25.96.1,10.181.11.114,puerto,31065,Cerrado
vm-prd-appps-bog-02,172.25.97.201,255.255.252.0,172.25.96.1,10.181.11.114,puerto,31070,Cerrado
vm-prd-appps-bog-02,172.25.97.201,255.255.252.0,172.25.96.1,10.181.11.114,puerto,31595,Cerrado
vm-prd-appps-bog-02,172.25.97.201,255.255.252.0,172.25.96.1,10.181.11.114,puerto,44445,Cerrado
vm-prd-appps-bog-02,172.25.97.201,255.255.252.0,172.25.96.1,10.181.11.114,puerto,44525,Cerrado
vm-prd-appps-bog-02,172.25.97.201,255.255.252.0,172.25.96.1,10.181.11.10,ping,N/A,Exitoso
vm-prd-appps-bog-02,172.25.97.201,255.255.252.0,172.25.96.1,10.181.11.10,puerto,25,Cerrado
vm-prd-appps-bog-02,172.25.97.201,255.255.252.0,172.25.96.1,10.181.11.10,puerto,80,Abierto
vm-prd-appps-bog-02,172.25.97.201,255.255.252.0,172.25.96.1,10.181.11.10,puerto,81,Cerrado
vm-prd-appps-bog-02,172.25.97.201,255.255.252.0,172.25.96.1,10.181.11.10,puerto,111,Cerrado
vm-prd-appps-bog-02,172.25.97.201,255.255.252.0,172.25.96.1,10.181.11.10,puerto,443,Abierto
vm-prd-appps-bog-02,172.25.97.201,255.255.252.0,172.25.96.1,10.181.11.10,puerto,517,Cerrado
vm-prd-appps-bog-02,172.25.97.201,255.255.252.0,172.25.96.1,10.181.11.10,puerto,636,Cerrado
vm-prd-appps-bog-02,172.25.97.201,255.255.252.0,172.25.96.1,10.181.11.10,puerto,1521,Cerrado
vm-prd-appps-bog-02,172.25.97.201,255.255.252.0,172.25.96.1,10.181.11.10,puerto,2049,Cerrado
vm-prd-appps-bog-02,172.25.97.201,255.255.252.0,172.25.96.1,10.181.11.10,puerto,3306,Abierto
vm-prd-appps-bog-02,172.25.97.201,255.255.252.0,172.25.96.1,10.181.11.10,puerto,3872,Cerrado
vm-prd-appps-bog-02,172.25.97.201,255.255.252.0,172.25.96.1,10.181.11.10,puerto,4001,Cerrado
vm-prd-appps-bog-02,172.25.97.201,255.255.252.0,172.25.96.1,10.181.11.10,puerto,4480,Cerrado
vm-prd-appps-bog-02,172.25.97.201,255.255.252.0,172.25.96.1,10.181.11.10,puerto,5044,Cerrado
vm-prd-appps-bog-02,172.25.97.201,255.255.252.0,172.25.96.1,10.181.11.10,puerto,5053,Cerrado
vm-prd-appps-bog-02,172.25.97.201,255.255.252.0,172.25.96.1,10.181.11.10,puerto,7800,Cerrado
vm-prd-appps-bog-02,172.25.97.201,255.255.252.0,172.25.96.1,10.181.11.10,puerto,9243,Cerrado
vm-prd-appps-bog-02,172.25.97.201,255.255.252.0,172.25.96.1,10.181.11.10,puerto,10051,Cerrado
vm-prd-appps-bog-02,172.25.97.201,255.255.252.0,172.25.96.1,10.181.11.10,puerto,14000,Cerrado
vm-prd-appps-bog-02,172.25.97.201,255.255.252.0,172.25.96.1,10.181.11.10,puerto,30217,Cerrado
vm-prd-appps-bog-02,172.25.97.201,255.255.252.0,172.25.96.1,10.181.11.10,puerto,31013,Cerrado
vm-prd-appps-bog-02,172.25.97.201,255.255.252.0,172.25.96.1,10.181.11.10,puerto,31014,Cerrado
vm-prd-appps-bog-02,172.25.97.201,255.255.252.0,172.25.96.1,10.181.11.10,puerto,31023,Cerrado
vm-prd-appps-bog-02,172.25.97.201,255.255.252.0,172.25.96.1,10.181.11.10,puerto,31024,Cerrado
vm-prd-appps-bog-02,172.25.97.201,255.255.252.0,172.25.96.1,10.181.11.10,puerto,31030,Cerrado
vm-prd-appps-bog-02,172.25.97.201,255.255.252.0,172.25.96.1,10.181.11.10,puerto,31042,Cerrado
vm-prd-appps-bog-02,172.25.97.201,255.255.252.0,172.25.96.1,10.181.11.10,puerto,31055,Cerrado
vm-prd-appps-bog-02,172.25.97.201,255.255.252.0,172.25.96.1,10.181.11.10,puerto,31065,Cerrado
vm-prd-appps-bog-02,172.25.97.201,255.255.252.0,172.25.96.1,10.181.11.10,puerto,31070,Cerrado
vm-prd-appps-bog-02,172.25.97.201,255.255.252.0,172.25.96.1,10.181.11.10,puerto,31595,Cerrado
vm-prd-appps-bog-02,172.25.97.201,255.255.252.0,172.25.96.1,10.181.11.10,puerto,44445,Cerrado
vm-prd-appps-bog-02,172.25.97.201,255.255.252.0,172.25.96.1,10.181.11.10,puerto,44525,Cerrado
vm-prd-appps-bog-02,172.25.97.201,255.255.252.0,172.25.96.1,172.25.78.139,ping,N/A,Fallido
vm-prd-appps-bog-02,172.25.97.201,255.255.252.0,172.25.96.1,172.25.78.139,puerto,25,Cerrado
vm-prd-appps-bog-02,172.25.97.201,255.255.252.0,172.25.96.1,172.25.78.139,puerto,80,Cerrado
vm-prd-appps-bog-02,172.25.97.201,255.255.252.0,172.25.96.1,172.25.78.139,puerto,81,Cerrado
vm-prd-appps-bog-02,172.25.97.201,255.255.252.0,172.25.96.1,172.25.78.139,puerto,111,Cerrado
vm-prd-appps-bog-02,172.25.97.201,255.255.252.0,172.25.96.1,172.25.78.139,puerto,443,Cerrado
vm-prd-appps-bog-02,172.25.97.201,255.255.252.0,172.25.96.1,172.25.78.139,puerto,517,Cerrado
vm-prd-appps-bog-02,172.25.97.201,255.255.252.0,172.25.96.1,172.25.78.139,puerto,636,Cerrado
vm-prd-appps-bog-02,172.25.97.201,255.255.252.0,172.25.96.1,172.25.78.139,puerto,1521,Cerrado
vm-prd-appps-bog-02,172.25.97.201,255.255.252.0,172.25.96.1,172.25.78.139,puerto,2049,Cerrado
vm-prd-appps-bog-02,172.25.97.201,255.255.252.0,172.25.96.1,172.25.78.139,puerto,3306,Cerrado
vm-prd-appps-bog-02,172.25.97.201,255.255.252.0,172.25.96.1,172.25.78.139,puerto,3872,Cerrado
vm-prd-appps-bog-02,172.25.97.201,255.255.252.0,172.25.96.1,172.25.78.139,puerto,4001,Cerrado
vm-prd-appps-bog-02,172.25.97.201,255.255.252.0,172.25.96.1,172.25.78.139,puerto,4480,Cerrado
vm-prd-appps-bog-02,172.25.97.201,255.255.252.0,172.25.96.1,172.25.78.139,puerto,5044,Cerrado
vm-prd-appps-bog-02,172.25.97.201,255.255.252.0,172.25.96.1,172.25.78.139,puerto,5053,Cerrado
vm-prd-appps-bog-02,172.25.97.201,255.255.252.0,172.25.96.1,172.25.78.139,puerto,7800,Cerrado
vm-prd-appps-bog-02,172.25.97.201,255.255.252.0,172.25.96.1,172.25.78.139,puerto,9243,Cerrado
vm-prd-appps-bog-02,172.25.97.201,255.255.252.0,172.25.96.1,172.25.78.139,puerto,10051,Cerrado
vm-prd-appps-bog-02,172.25.97.201,255.255.252.0,172.25.96.1,172.25.78.139,puerto,14000,Cerrado
vm-prd-appps-bog-02,172.25.97.201,255.255.252.0,172.25.96.1,172.25.78.139,puerto,30217,Cerrado
vm-prd-appps-bog-02,172.25.97.201,255.255.252.0,172.25.96.1,172.25.78.139,puerto,31013,Cerrado
vm-prd-appps-bog-02,172.25.97.201,255.255.252.0,172.25.96.1,172.25.78.139,puerto,31014,Cerrado
vm-prd-appps-bog-02,172.25.97.201,255.255.252.0,172.25.96.1,172.25.78.139,puerto,31023,Cerrado
vm-prd-appps-bog-02,172.25.97.201,255.255.252.0,172.25.96.1,172.25.78.139,puerto,31024,Cerrado
vm-prd-appps-bog-02,172.25.97.201,255.255.252.0,172.25.96.1,172.25.78.139,puerto,31030,Cerrado
vm-prd-appps-bog-02,172.25.97.201,255.255.252.0,172.25.96.1,172.25.78.139,puerto,31042,Cerrado
vm-prd-appps-bog-02,172.25.97.201,255.255.252.0,172.25.96.1,172.25.78.139,puerto,31055,Cerrado
vm-prd-appps-bog-02,172.25.97.201,255.255.252.0,172.25.96.1,172.25.78.139,puerto,31065,Cerrado
vm-prd-appps-bog-02,172.25.97.201,255.255.252.0,172.25.96.1,172.25.78.139,puerto,31070,Cerrado
vm-prd-appps-bog-02,172.25.97.201,255.255.252.0,172.25.96.1,172.25.78.139,puerto,31595,Cerrado
vm-prd-appps-bog-02,172.25.97.201,255.255.252.0,172.25.96.1,172.25.78.139,puerto,44445,Cerrado
vm-prd-appps-bog-02,172.25.97.201,255.255.252.0,172.25.96.1,172.25.78.139,puerto,44525,Cerrado
vm-prd-appps-bog-02,172.25.97.201,255.255.252.0,172.25.96.1,10.181.0.35,ping,N/A,Exitoso
vm-prd-appps-bog-02,172.25.97.201,255.255.252.0,172.25.96.1,10.181.0.35,puerto,25,Cerrado
vm-prd-appps-bog-02,172.25.97.201,255.255.252.0,172.25.96.1,10.181.0.35,puerto,80,Cerrado
vm-prd-appps-bog-02,172.25.97.201,255.255.252.0,172.25.96.1,10.181.0.35,puerto,81,Cerrado
vm-prd-appps-bog-02,172.25.97.201,255.255.252.0,172.25.96.1,10.181.0.35,puerto,111,Cerrado
vm-prd-appps-bog-02,172.25.97.201,255.255.252.0,172.25.96.1,10.181.0.35,puerto,443,Cerrado
vm-prd-appps-bog-02,172.25.97.201,255.255.252.0,172.25.96.1,10.181.0.35,puerto,517,Cerrado
vm-prd-appps-bog-02,172.25.97.201,255.255.252.0,172.25.96.1,10.181.0.35,puerto,636,Cerrado
vm-prd-appps-bog-02,172.25.97.201,255.255.252.0,172.25.96.1,10.181.0.35,puerto,1521,Cerrado
vm-prd-appps-bog-02,172.25.97.201,255.255.252.0,172.25.96.1,10.181.0.35,puerto,2049,Cerrado
vm-prd-appps-bog-02,172.25.97.201,255.255.252.0,172.25.96.1,10.181.0.35,puerto,3306,Cerrado
vm-prd-appps-bog-02,172.25.97.201,255.255.252.0,172.25.96.1,10.181.0.35,puerto,3872,Cerrado
vm-prd-appps-bog-02,172.25.97.201,255.255.252.0,172.25.96.1,10.181.0.35,puerto,4001,Cerrado
vm-prd-appps-bog-02,172.25.97.201,255.255.252.0,172.25.96.1,10.181.0.35,puerto,4480,Cerrado
vm-prd-appps-bog-02,172.25.97.201,255.255.252.0,172.25.96.1,10.181.0.35,puerto,5044,Cerrado
vm-prd-appps-bog-02,172.25.97.201,255.255.252.0,172.25.96.1,10.181.0.35,puerto,5053,Cerrado
vm-prd-appps-bog-02,172.25.97.201,255.255.252.0,172.25.96.1,10.181.0.35,puerto,7800,Abierto
vm-prd-appps-bog-02,172.25.97.201,255.255.252.0,172.25.96.1,10.181.0.35,puerto,9243,Cerrado
vm-prd-appps-bog-02,172.25.97.201,255.255.252.0,172.25.96.1,10.181.0.35,puerto,10051,Cerrado
vm-prd-appps-bog-02,172.25.97.201,255.255.252.0,172.25.96.1,10.181.0.35,puerto,14000,Cerrado
vm-prd-appps-bog-02,172.25.97.201,255.255.252.0,172.25.96.1,10.181.0.35,puerto,30217,Cerrado
vm-prd-appps-bog-02,172.25.97.201,255.255.252.0,172.25.96.1,10.181.0.35,puerto,31013,Cerrado
vm-prd-appps-bog-02,172.25.97.201,255.255.252.0,172.25.96.1,10.181.0.35,puerto,31014,Cerrado
vm-prd-appps-bog-02,172.25.97.201,255.255.252.0,172.25.96.1,10.181.0.35,puerto,31023,Cerrado
vm-prd-appps-bog-02,172.25.97.201,255.255.252.0,172.25.96.1,10.181.0.35,puerto,31024,Cerrado
vm-prd-appps-bog-02,172.25.97.201,255.255.252.0,172.25.96.1,10.181.0.35,puerto,31030,Cerrado
vm-prd-appps-bog-02,172.25.97.201,255.255.252.0,172.25.96.1,10.181.0.35,puerto,31042,Cerrado
vm-prd-appps-bog-02,172.25.97.201,255.255.252.0,172.25.96.1,10.181.0.35,puerto,31055,Cerrado
vm-prd-appps-bog-02,172.25.97.201,255.255.252.0,172.25.96.1,10.181.0.35,puerto,31065,Cerrado
vm-prd-appps-bog-02,172.25.97.201,255.255.252.0,172.25.96.1,10.181.0.35,puerto,31070,Cerrado
vm-prd-appps-bog-02,172.25.97.201,255.255.252.0,172.25.96.1,10.181.0.35,puerto,31595,Cerrado
vm-prd-appps-bog-02,172.25.97.201,255.255.252.0,172.25.96.1,10.181.0.35,puerto,44445,Cerrado
vm-prd-appps-bog-02,172.25.97.201,255.255.252.0,172.25.96.1,10.181.0.35,puerto,44525,Cerrado
